path,bytes,sha256,classification
.env.example,2189,f05deec0b7231b85584ced6b8681c5191d68c81078143c3ba754cf6edc9cbe1d,project-metadata
.htaccess,635,06bb142d86b445093cdc2d7de8b2d40f26b6d842c65ba40a86cefcef54b555e3,deployment/server-config
403.php,459,1a90e5311163d4530ebd3a3681ddb5c9b06df4adccd97c481838e547adb35f67,php-application
404.php,406,215a314ea99793cd60aa9050317d0c3293d6e11bd3d90fbde0a9cc1a08729df1,php-application
FILES.txt,4109,517e33dc4a06ebdb5aa86ef47a7db502f271f3d3f2a998e3aeae12f8ed70ffd2,project-metadata
PHASE2.md,121,14993697b0b5e79383fd1cb84c27719629e5f978a6b66dd2114e7e45da9163fb,project-metadata
PHASE3.md,654,51204be2e39fa50dd845e4d803034187c0b683b8c5b503e7c04e21c45d2282ab,project-metadata
PHASE4.md,870,58e5a25cecbd3b8bad7a5e329cdbcb72d1ddfffcedcd4917c5376f6408c4657a,project-metadata
PHASE5.md,333,bdcb1eca5bca124d6234651514198ffb8a8c06d96d37b4d584e6cb444893e3b6,project-metadata
PHASE6.md,947,40e712a6bf171e010ef4f1f471c1a63baa12e021b6e56c443635104f9d9047fe,project-metadata
PHASE7.md,593,129823f2a4d91d4e93793e6f28156609d5a4f9ff428a44152c38e90bcd51ae08,project-metadata
PRODUCTION_PHASE2.md,732,9812589a8608e7b432e236c41f3b182b37e228985f797a0f83fc777f0f7fdd61,project-metadata
PRODUCTION_PHASE3.md,5103,2dede930da03f755d29c539cae25e576f7cc27da7827725f3c2a25111bd395f9,project-metadata
PRODUCTION_PHASE4.md,4747,7af2a2a97e54f358806243954635398622eb675938840045cfede33094c8493f,project-metadata
PRODUCTION_PHASE5.md,1297,630fe64d1f69d25c39e24a6044da5bc2c6c37f83d07c8bfa549271b0f6fb9b34,project-metadata
PRODUCTION_PHASE6.md,830,53324aa51dce7155ed1d98cc9f8d4e4900681353e77c936127a9a39533b86874,project-metadata
README.md,10603,e3826e9d60f64806cb68e4a3e9300125872a132f392be3707a491e2da6667699,project-metadata
about.php,1483,cf21080e90a631d50fc44667fed2061c7c8b0dd366469598917ec83638e7defc,php-application
admin/_nav.php,1493,6ce6ec49ed4dab62e8835c49a8c2ced46adce6591367f44bd062f125cc533097,php-application
admin/advertisements.php,3848,1e5d6a9cdd8f0a4ceca57e36d5656ce7a6d2237a09ea7b1dedb24fa027a32731,php-application
admin/businesses.php,2196,51ca01f040d88fb459cf3ca4abda6d5ebc65d86e0ba1c2fd5158105b71c151b9,php-application
admin/categories.php,2404,5820ad78b978cd0533212f55dbd09539d67552f7f50e9178ab8ae906841e1fa0,php-application
admin/index.php,2231,99a5a78ba80c585f9b448a04be7650907b75fdaa5e81c253f662c63e82d00666,php-application
admin/mfa.php,6462,432f07db1148bf85a238d4be48dcbecc26df1320a8e7e6a9a45b6cf572ade448,php-application
admin/payment-detail.php,7381,14a28098f8d2d347f8bc3b1252ab283f70f727411d2ed24fdb1031757089c693,php-application
admin/payment-method-edit.php,11510,19bbfecb2e3dba1f07c2149568634f40985478f92dc37ad520a7a7d10eb2abac,php-application
admin/payment-methods.php,3490,7d504998254f9f52a45dccc30ecde5d02c2be555900182b68be6bc98b48f644a,php-application
admin/payments.php,4838,f68d7dc50ebc956719c44f431440fb39dc56446b2efa20b4715af9d3dcc8acf6,php-application
admin/providers.php,2128,73e55334fad84eaf81587750efd98e4dd6d89100589488963bfe5c2113970e17,php-application
admin/reauth.php,1527,900664c64fb2a46c6196a077601129e752e89213a0e9f6cd2790d8bb394c205d,php-application
admin/reports.php,2439,8d8fbcc9398465a08d7cd5dcdb33fe13e3d03724aedb8eb7b745cb3e92ef8580,php-application
admin/requests.php,889,7fca5adccb6fa1aec11f7f96d2f95275b89b445c0dc195c8c35e6bbe18efc0c0,php-application
admin/reviews.php,1832,ac47518e971747f129ae315fc7d72cec4dc32cce2b2d6d72c13a450fe6f9615f,php-application
admin/services.php,1388,33a31a3c060199a80ca6146635a414fce0db5318fa991310d15d6262e1e7f50b,php-application
admin/subscriptions.php,3848,474142098b9a2baed9572ac9d418e34f932cba0e71b6fe542dcd6c0938413950,php-application
admin/users.php,2855,c28aef50570947894dec4f41853b89ec47a9e822da5c312b757f29ba6d999131,php-application
ajax/favorite.php,1082,04ecb89d3f2ffab23a98d59c94f118c5c9ea9b64ab36bed4b1fc00c287a4be1a,php-application
assets/css/style.css,3680,0d2f35ecd3b986e0eaaa1292a2db57f7708b808b131866b8bb3677635390e138,frontend-asset
assets/images/avatar-placeholder.svg,260,587a6570bbf2842c3b0c5487337e6127b1643da713f091776e0e589d1ba240b6,frontend-asset
assets/js/app.js,2623,e5f871ea78346c9623589f11c6f6b8f942342ff666db4e6fa012ef365a179d03,frontend-asset
auth/forgot-password.php,2069,8498a023b67e5d92948f419f49b745b17bc9a671c31ba180b088488f074763a4,php-application
auth/login.php,3638,7d5df919871a6b170c6bf350ef7ec19576ecf4d44be6af1675bcae10f17c4c24,php-application
auth/logout.php,395,c79fa4aa6854e3bcf119a3c1b9a42c406999b36d06c935bdd75773a95d5e9f3d,php-application
auth/register.php,6199,12c50b9ef29603b0a847286b26f0354ecf77013626dd4f838fe3aa9b7a0a35ac,php-application
auth/resend-verification.php,2026,b2a53bf70c2853e9f8a4917d12fe6c1aba73e41449c7c61abc8f2605fb32b7fa,php-application
auth/reset-password.php,2722,a6ed319393622570da1cea39942d002a4a0eeb9a378053f4e1e6f60780623cb8,php-application
auth/verify-email.php,937,2ed21e97cb8dba6a82b60054dc20524a2aedf5f4ab78287cf07347b690aec74e,php-application
billing/cancel.php,605,11a08a5e8e2cc9c1e37dcc43d1aeada5641fc0b8dd410f41dac2d298f9214f2b,php-application
billing/gateway-return.php,1116,eab5ca550acfca5da4232eff24ac09c251e6d2c419b56e85c4b66a4c7bf3e86d,php-application
billing/gateway.php,3519,855c2fc108049d695d9d76283e728f80aeabd3833596291c147309c681d33280,php-application
billing/history.php,3168,4c79c36e92865967329f2f57f476d8931db646f5f0ba371ed6a24c0dc9255577,php-application
billing/manual.php,2893,8584654808180b9170797ba0d9723a53b2bf13944d8d0891a45d72f1855b6afc,php-application
billing/payment-method.php,2974,70b9f2b545954254dfa4c8153238e8f29dd9404e02b430bdfa52760d0e0f3aa8,php-application
billing/select-method.php,954,0114917d25308d88f9fa2c140c9d5c37f15c061c4edec3ae48e9fe9d9fdf4bfd,php-application
billing/start.php,1128,5a387d1381c32ce560b9f9d18429ffd56d0ad85b7ecbec6b244932451f3d9083,php-application
business/dashboard.php,1818,d25fc53082611a3aa4ee6166928ebaa6a95c55f3060e2e15d4464ed079300f33,php-application
business/profile.php,6285,b93314c71cb2e30b5a053ea85d3202d8f2f257499a84178fbb2ed97032b07963,php-application
business/requests.php,53,68f4805a29dfce8bdd3aa65aaa6e3931fe628ef9c48ae42a7fefeb3d8676073a,php-application
business/services.php,4621,b83564445bde0e41b70d969378cd5a4813de21a6b99dc502f21f35786cd647c6,php-application
business/subscription.php,2577,663e0dfde11e266d4dcce623b0aae5fd6187b48a9d937ea3664635abb9affbae,php-application
business.php,4506,9b00d4033bddf6aef3f0f22482d7d7e4e617af623bf3934505396e53d7257fcf,php-application
categories.php,1072,85c5f3b827fa16237b64e5c7c5eafcbc571831967f023fa3a0dc9dd687bc9d5e,php-application
config/.htaccess,19,fa28d421a28ed9b6f4b997d5119c2b8adbacff6e2dd119a179b71230f9664934,deployment/server-config
config/app.php,7056,66e46862e0d8275f41f240fa55e255343a9660fd8e9d2d29efc49db6cf2620bf,php-application
config/database.php,1912,bcab66c514497a91e8f3f7e002818426b10613b70bcb361e72717c873cafbb65,php-application
contact.php,2123,053b9cf522d651bcf44c3739f285fb697edb65261b417bdc2cfaf15f36dff6f0,php-application
customer/dashboard.php,1342,2f4b6d0e77542f0570a7076d7b210a716715646572bc46d0e25c4fdbc4a932d2,php-application
customer/requests.php,2608,ed81dd1b30da306056416ec4025e557c09c1972200b2d8eff0f1d2b9a132e11d,php-application
database/.htaccess,19,fa28d421a28ed9b6f4b997d5119c2b8adbacff6e2dd119a179b71230f9664934,database
database/development/README.md,381,fa4bb6a06805afbceae2f599127d77cf610a2a060d7b0b152f6d8a4927fea501,database
database/localconnect_db.sql,35880,cdcb3cbdc3958775e58ac94a1ed346cd0d47d4a8680f1f9d6d1fae6326421393,database
database/phase2_migration.sql,1863,c4a0826603425b7c5aa50ed71dcd5fc70c3f19cb60f26347929848a9db366a60,database
database/phase3_migration.sql,411,3b204d5c918f401f717708778a562a5fd25228427e39a0c048f1b2ed5db48b24,database
database/phase4_migration.sql,469,0316cc136d0173af981f6f1ee22ada94be577cb68dff7d719b811fffc0353777,database
database/phase5_migration.sql,596,f1d8ad5d682834dc8117b120b69e190a47bd262909cc2bcde4332620da43214d,database
database/phase6_migration.sql,2227,7c3b465e95b355fcabea50bfa0e6fde8d7a3411ecf7a7ac503d6e07c482cb5e5,database
database/phase7_migration.sql,242,574b6c9f536e361be0e0fe4fa107b4c5acddb90ba603ef83f592f26848041b1f,database
database/production/20260924_001_security_foundation.sql,2758,fcc7342ab290fa472eee53212c87bca75bf9c9f9e2c77a65866bd246f1d59a50,database
database/production/20260924_001_security_foundation_preflight.sql,466,a71d869f0d04980ba7c216895f0071c1a7231105d3fc0096143e369da4eacc5a,database
database/production/20260924_001_security_foundation_rollback.sql,454,4ae97d109d49ec8ff849a32a3825fb5fabf30091b82fa4428ae5f53ce6ba3646,database
database/production/20260924_002_payment_methods.sql,3967,63f9011f4a3ffe11ff9d61458c15c6058beb76e4ccae1c35aaa911f642b83eed,database
database/production/20260924_002_payment_methods_preflight.sql,349,b9219f1829246d2a5f058839992f43296080a1469e019319cb32f79f84852cb4,database
database/production/20260924_002_payment_methods_rollback.sql,791,75920d8fd7978de079e58533cd0dda2a3ce1db49fbf60baf1f72f8533829dae3,database
database/production/20260924_003_checkout_webhooks.sql,11341,e634033c072e1c89158773e211239328d84769da9830ea08b2143540e0e4c1df,database
database/production/20260924_003_checkout_webhooks_preflight.sql,801,2843ed3e16d07723c6c0766adb9a796153b8964522304f715b98546838e0641f,database
database/production/20260924_003_checkout_webhooks_rollback.sql,718,a13b71480f2938fbfa91619e8e92e5ba91ef0ead7c933d860ba955c78db9ec1f,database
database/production/20260924_004_performance_reliability.sql,2871,bcd00955df509d91d5048a0f741d4e9dcbc4639312d8dc067fa2ad667b391844,database
database/production/20260924_004_preflight.sql,758,57226157e5686d0f9b81e484c452e6ac4c6ff875021bbadaf2613c466f4e8d90,database
database/production/20260924_004_rollback.sql,1092,9cc4f32d07e439a95d142495116e526290a4f41314166397807328e2461fa7d7,database
database/production/20260924_005_production_hardening.sql,1298,fe35e7196e58e6af5dadd3737b62b75c6f816bfd4c628a888e9b7910f753e864,database
database/production/20260924_005_production_hardening_preflight.sql,767,3583ac2abbc51a6466e9ecf9eee50b5f6370b84971676d830e9cb16a6cb7bd86,database
database/production/20260924_005_production_hardening_rollback.sql,1083,9fc6e2d6a94bd02ce8bb764adeacd76c7d2ecccbe1e1515b92e350c9f4943ae5,database
database/production/fresh_schema.sql,37073,c07bbec7c9e745007d46848127c066b50189b6f27498162780b52b32ceda5b5f,database
database/production/least_privilege_grants.template.sql,485,5854844872de1fb285d18fbc46d6426805db42b3018fc0789bb385340554ba56,database
deploy/apache/localconnect-vhost.conf.example,1707,28ba93d5140ed3ab2a299a90ade0ea42ba7781ef5daa5dfa2c6724e6d7592546,deployment/server-config
deploy/php/php-production.ini.example,719,dcfe104bf0b4951736b0af89dc59679b3290c5681485e0334e8fef02a7141f83,deployment/server-config
docs/.htaccess,19,fa28d421a28ed9b6f4b997d5119c2b8adbacff6e2dd119a179b71230f9664934,documentation
docs/ADMIN_PAYMENT_OPERATIONS.md,2348,fd9aeb612c3f1a1fdf40d3648671c3afa62c2e37aec07c10ad791baa3992d5a2,documentation
docs/FINAL_RELEASE_STATUS.md,813,792ee4763b35aff2dd6f8d2657412f2cccc50e24d5b297bd904bc072968a97eb,documentation
docs/OWASP_ASVS_5_MAPPING.md,3478,c7c31d01af91a7372d7e4d666e21869d0f2083340c1619db6062d86eb3c611ee,documentation
docs/PAYMENT_ARCHITECTURE_DECISIONS.md,2806,8400fcb3daa2ee2ea67bc6bb6764827ef4f3ff3fe1f52636177ff1602166bf21,documentation
docs/PAYMENT_SANDBOX_RUNBOOK.md,5096,71e370d3bc12ed012ce8d6f24813d5206885cecd75a3497b97ae9543856b98c5,documentation
docs/PERFORMANCE_MEMORY_RUNBOOK.md,5037,d6698d541f3d0670c1d1b3b37c23c422d12e2ef8d3c8c87beb3e67b410910ca0,documentation
docs/PRODUCTION_DEPLOYMENT_RUNBOOK.md,7066,494ed8aba0ff3fda0753941a7141e486e3466c4a7afb1736c8b2c8366aafd437,documentation
docs/PRODUCTION_PHASE3_TEST_REPORT.md,1993,d5de949e00b13791d3f38755c2ff36236f1922e36c6c79512733a407e8a9d82d,documentation
docs/PRODUCTION_PHASE4_TEST_REPORT.md,5022,4b18d611cfaa1b92d8f8a2919b00b1eee7267a25d8609f664817c1ec2e529443,documentation
docs/PRODUCTION_PHASE5_IMPLEMENTATION.md,2099,4121762ec69f2e7cb559839969d140cfbe7d3dad1c484e90fa216b326391aa0a,documentation
docs/PRODUCTION_PHASE5_TEST_REPORT.md,3959,270b9bb9f8f6b0977bbfd98216fb12b9e6da49b6fc436efaf38acb7bc8a4ecb6,documentation
docs/PRODUCTION_PHASE6_IMPLEMENTATION.md,2821,08e37d747a856746f8731e8f7221b01b88439a9c45ddba4a2f13eb9e4818f284,documentation
docs/PRODUCTION_PHASE6_RELEASE_GATE.md,1133,ded20217c6d276a9c5d6b72b72144e18e081cec70cd207556aa510a348fc999e,documentation
docs/PRODUCTION_PHASE6_TEST_REPORT.md,3950,3017c4ec6301cea824c5eed8d687cf6436c0994140969a2a6704ada0af3e8af5,documentation
docs/ROLLBACK_RUNBOOK.md,1496,ff5864d1ce831b8158bdad7dadfdc567845cd7d4f46357efe149d70143faa4bd,documentation
docs/SECURITY_ARCHITECTURE_DECISIONS.md,2668,d25b38db8090d80bf593f8b42e3364ea84fe9635263763dea105f8eb02d4a42a,documentation
docs/production/PHASE1_BROWSER_TEST_MATRIX.md,1901,a9bee9cbdc9db8317c1c2c80479bee0274de45eb646349c5a7bfbbac432afd11,documentation
docs/production/PHASE1_INVENTORY_THREAT_MODEL.md,12532,9998539e50633b51b2e47ed33390636d81b297c6636ddd5e7da96132e3155a30,documentation
docs/production/PHASE1_RELEASE_MANIFEST.txt,1090,cb39abd5ad06cc24ca68d0efd947a3f198ce0ec868a8615faa02ac8a07a9f496,documentation
docs/production/PHASE1_TEST_BASELINE.md,4135,3a85d470b256dd79baa68e9d059ff53fe1c69980707f869639628d123a694b5a,documentation
docs/production/PHASE2_AUTH_OPERATIONS.md,1001,62db1d92caeb4d95400fce1caeed145c45edd0a2a6b60541ee80eef1068afa8b,documentation
docs/production/PHASE2_MIGRATION_RUNBOOK.md,1757,58b382ee46513f9515113316bad2242f994701bca8049181a561741da6c68f10,documentation
docs/production/PHASE2_RELEASE_CHECKSUMS.txt,305,9b7c29d0cdbfffc306e662e8534b5d33ae472f750e41c42c52dca8b925592a22,documentation
docs/production/PHASE2_RELEASE_MANIFEST.txt,2984,165450683ebe38ab6bdddf955316e902c89ae5a687ee3fe2be15ce9b37db186d,documentation
docs/production/PHASE2_ROUTE_SECURITY_AUDIT.md,1422,12eb6b44ba3429be46c26514edaf1198fcf6b717181e8461bb841e023dbda2f8,documentation
docs/production/PHASE2_SECURITY_IMPLEMENTATION.md,3961,a26e572a9899b874a3c2c94b64ae477353a1af6c78330067f36b1cd2bd686009,documentation
docs/production/PHASE2_TEST_REPORT.md,1680,5ae1ffba5d9a96ae2cd7431910c2ef6354d80ea8a538fe7fada9b651e82c670a,documentation
docs/production/PHASE5_CHANGED_FILES.txt,1117,d63ac56b13fb611006910cc96f6cfad7d8991bd370a21876cc788b58f410fe7e,documentation
docs/production/PHASE5_RELEASE_CHECKSUMS.txt,16572,cf5f7d08645fe8e2b1d0e04492405bf49bd327be157541f63046242504b37479,documentation
docs/production/PHASE5_RELEASE_MANIFEST.txt,514,95f89cc93a84c25030a8df1edd116aea6df4b8491c64e4a3e7927b2a60895f3a,documentation
docs/production/PHASE6_CHANGED_FILES.txt,3333,b3605323dcb5e8994343e43be198a4b14159d34cc2588417c35d15bd1b1db1c1,documentation
docs/production/PHASE6_RELEASE_CHECKSUMS.txt,20799,f42687b0789fbf1c775ea56fb539f04793f62ae9ffac13c6e08830b874a086be,documentation
docs/production/PHASE6_RELEASE_MANIFEST.txt,6675,336ce803c78758dfeec42fd2552e3d55e4ca4c02bf0ab322029a8604ee6e6b1f,documentation
docs/production/README.md,1033,f9e4643f5f56d38a7dcd2b48037431390e67794dfe7fc7e71ec7c5e28600240c,documentation
docs/production/phase1_baseline_output.txt,2065,e87a359d613adbc9c4c82fd2bcc3c5c09a0af9947125066c64e75bad28c0319f,documentation
docs/production/phase1_findings.json,2110,6072dd13743a75f8ad5f596c0d479c966ed2c14ecdb811cb3a52a6fd50996ce0,documentation
docs/production/phase2_test_output.txt,2318,e912372eb88275dd978330e003ec4584821a6029c3471d2d61ae76993287e85d,documentation
docs/production/phase5_test_output.txt,10631,2c5bf4a8acb0212691c3e858b5574aee210172517714bc0672f69b7a56659886,documentation
docs/production/phase6_test_output.txt,20898,9e708835ad934424afcb62a3ebe0695b52cd40aa5675d4cc4a73daacd73878ad,documentation
docs/production/route_inventory.csv,3039,387a5089be6e7ac6a5e448ae7ebe3daae96df7536ef9b434c405468a5350c50b,documentation
docs/release-evidence/README.md,898,96df2271a2a367db4ce4c37f5eb92c3b6b04803f0d8dc5ffffe573736b3ffe0b,documentation
docs/release-evidence/sandbox-payment.example.json,183,1d0d9daf37db30bf946f0ede61206f2e55ed57e9d1901f38e953102d2546112a,documentation
favorites.php,2194,60046c7d00609348d37c58a2afcffab5323e20cdba6d8e144a879fa6f7857cfa,php-application
includes/auth.php,9884,fb683c7ff417819659018ff0ee505e3eadc9b699ac51794ec83b8aefdceadbe6,php-application
includes/billing.php,43509,2d750161f3a87f4e62da1ceaa41bfbb7637f284e6f127f65857998993df9f6ea,php-application
includes/footer.php,1877,318b24c295920610502a03de3585f90e142c059d4bf0b8593818e15b76755c4f,php-application
includes/functions.php,29721,c8a5343ee24289094f8e6105c604f3ee00af59991d39698a621500a84b7e309e,php-application
includes/header.php,1172,c6d74f9165c0a2d21d3bab0055c53d7db873922d0115488386f1420905f2d4c0,php-application
includes/navbar.php,1887,6f23e244fa5e7c461bdb995e8b38c033b691610074b1037f948e85d5de70ce3d,php-application
includes/performance.php,2031,6a060e78eebae8256cc878ff4380afc319a61574417019409ecbf28f72c86aa0,php-application
includes/security.php,3240,7cf3cd174dba2ce27b27039afa578801b63be427688a1d02d5b9939737fbd15c,php-application
index.php,8162,284fd7f7aa4fe00660aad1a0ff72ddb964eae8a17556c35c47f4eabe67343311,php-application
login.php,48,c4f61946b4da4d3665757631f1686bd06ae61aef798633bd674994c6af19159d,php-application
logout.php,392,18d14f9773ee5be74d0a21270dc18d87f0db1b6eeeffbcb13887e1d0f2491b7f,php-application
notifications.php,2074,5136f5b9b51860c613d3a905d926dc91630172b1e7407d3d7149b42eb0c95b0f,php-application
post-requirement.php,4998,dae66d17330f2deb8f1ab3a04e064eb3fe08cf1667c441f40a118b7c1b027c5f,php-application
privacy.php,1169,2612655a08304820b5b217855bb493297bb171dae99affafaec3b91e7e0f4936,php-application
provider/available-requirements.php,2191,a10b4aaa62b6685e14e9a93ab45e414527a1baf1adeabe6fcb8e350ba36547ef,php-application
provider/dashboard.php,2281,c0a1652b4680cca716df9024f43c21e5df0700013629410d1a97359b366480ea,php-application
provider/portfolio.php,2426,3a16a7f56e01cf5f8f37794e6825fe3d42b4b3c58006e615c2b0d4bb4383af51,php-application
provider/profile.php,5830,9cba03f013c446d3d85544ea1480b971de07a31d83e262111dd1fda74f5bb4ab,php-application
provider/requests.php,1913,add9e87c61cdac649556caa35a1e8978849d6fc8b12d2b852792f306e4361738,php-application
provider/services.php,4658,b4e82ff8650208218649e6c8531cbf5c2931ea7b34b5fe030f384074caf6d695,php-application
provider/subscription.php,2619,e5808ed2cd2369aa57324a2c0538874cb2dd382c18dac1f7265a1326e134035c,php-application
provider.php,5245,fb5b5513a91668e9c3826ec90953f45e4dd7d55ab3c9b0fd927cde3aca3ca486,php-application
register.php,51,505ec5c1820c77456e468901e36d4ec480ea1dec2a0a0c1f9c30defa05bfe487,php-application
report.php,2129,9c1a0013166986b57a6933c63f32f88efc97c3d908961b063b76788362e364f5,php-application
request-details.php,7758,1bbe61930f966a27b21e9cb034a256d4365cf7dc2fa1f2f741d991dae15054fd,php-application
request-service.php,6716,412c3791500d18fc04079a8f5dc3789a1bd6af8d2880ba3b6d84326086ff6f74,php-application
reviews.php,6134,e7e5d4e339737ffef37478839e151ec6dbe9e445c8362b28bd405a2f861013f1,php-application
search.php,6510,774dea537adf25e2b52f36c8be190992de43297e2fc2fb3a9e5e963ac64cf1c4,php-application
storage/.htaccess,19,fa28d421a28ed9b6f4b997d5119c2b8adbacff6e2dd119a179b71230f9664934,runtime-storage
storage/release_evidence/.gitkeep,0,e3b0c44298fc1c149afbf4c8996fb92427ae41e4649b934ca495991b7852b855,runtime-storage
terms.php,1092,b65023ed14b0066fabb99993312282d4fcc493e7ab331255e3e2591996c35926,php-application
tests/.htaccess,19,fa28d421a28ed9b6f4b997d5119c2b8adbacff6e2dd119a179b71230f9664934,test
tests/phase1/http_header_smoke.sh,825,193ba8987ddb0b1ace17ccfa768e0fbf331946965bbe3be6ee5d3a4aafa78ed3,test
tests/phase1/php_helper_smoke.php,1177,ddf7fc9067dd481cbc2133e2f7d72be7c165d46b1e3e803caf988582a733202d,test
tests/phase1/run_baseline.sh,1126,e61524ab672e839f87d30ad05968c1e4b80f1061a306e7618d26e1410d3161bf,test
tests/phase1/static_security_baseline.py,5219,85afbdcc3fe2e0109111a040d2cccffa6cda35368e19cecf35011deb273acd22,test
tests/phase2/php_security_helpers.php,1199,e46befec4672a9b655e1faac7ce07c4663ed6b17b67035135199fa7fc8b043ef,test
tests/phase2/run_phase2.sh,731,4a3d2ee13c502895eb66df1e9f9b444a1d7e22337d58a7ae52a19d31469fed59,test
tests/phase2/static_security_phase2.py,2601,37b4029cf9b4207158e671fc86df46cafccee00369854e986f27824bda8ecbb6,test
tests/phase3/php_payment_helpers.php,2266,4d196f558b40c195940b98858819ca283839e3230028fe852bbd81d59b552631,test
tests/phase3/run_phase3.sh,580,c7885b5d81e46473328faeceec8cc7e18e69134fa6d5a4d089bdb14bec5f0be1,test
tests/phase3/static_payment_methods.py,2655,69e7080e63e9f427c86fd2a37a531437c12af3cfedff21c6236586822fa34d6d,test
tests/phase4/php_billing_helpers.php,2178,61e1114d77b9d6f462ebb6b9793e041bdbaf40eae5da80f8659b08819c5fa6bb,test
tests/phase4/run_phase4.sh,846,1205a390bdb8cef12dae5b7bbe85950b5a09c01edbbc45f81b8df5b8d8760164,test
tests/phase4/static_checkout_security.py,5049,88d65af0c6cc235726518b0c417479d99b4a82c07a2fae82a281142093787a21,test
tests/phase5/memory_fixture.php,672,8a3c2293bb097a0c2e55f7d9f0d3eaa7871e4db2fd0387745ab4a3876b85ea20,test
tests/phase5/memory_proxy_benchmark.py,641,6bea124f3a94cd7e0dbb5e6a82f439697374be071696a2890905668b1627df1f,test
tests/phase5/run_phase5.sh,964,676a27474552731eca3e93e2f16a4779c0c13dfbaba784d15299b9a4730c1488,test
tests/phase5/static_performance_phase5.py,4079,cbc44b600dc16dbf22794c86e0462361a7cd0ff08061d66e84d5ab4395379736,test
tests/phase6/__pycache__/static_hardening_phase6.cpython-313.pyc,7989,624ee800aff01a2978e58f2c6497b3392a8a6a2c6fa7a3d70b10ea673014f821,test
tests/phase6/http_security_headers.sh,660,e245bb153a6a257ff4ed27464c14d98e289c5eab5cc7b3be2a904d1166177054,test
tests/phase6/php_security_helpers.php,1368,7c33e2f101aead06b83ab7cebb1783439076029411372f05e90eda2ea01d0fa2,test
tests/phase6/run_phase6.sh,1632,5d61d62a44bdd8dbdb4427414f1c153a196b8f9eb8d91bc51ed49879140352c3,test
tests/phase6/static_hardening_phase6.py,5289,a5a78b684f9d4ab799951bdc7f9a9b446de1b31a966cbfbcf71b46720438a4bf,test
tools/.htaccess,19,fa28d421a28ed9b6f4b997d5119c2b8adbacff6e2dd119a179b71230f9664934,ops-tool
tools/__pycache__/dependency_inventory.cpython-313.pyc,3340,1abb03f45df78ca751c5c063d8056e8d0ca305bcfa4d790478987bc2370247d4,ops-tool
tools/__pycache__/secret_scan.cpython-313.pyc,3552,e626828e48cd01f0cfc219dbf7a4db6cdf1740c8de84edad4a90b94de12a17e4,ops-tool
tools/backup_database.sh,803,02b6d931e574a48951f1cd8ad3a2045a4ca93c9e6648029dff8f75b7bccb0d31,ops-tool
tools/check_production_config.php,759,540380bebe478d345b788bef93fbd8eaf7bcf80431f2de30e0667cf33127987c,ops-tool
tools/create_admin.php,987,56568263559204eb64ca0ed06ee90677b4bd9f3a8a187726220574c35302412f,ops-tool
tools/dependency_inventory.py,1577,940cb487f0f482fcb5de57b0288c6a64f8d57afa4783e42884f30260d81174ed,ops-tool
tools/payment_reconciliation_worker.php,658,a624a67176fe3a81b93bb9d9c01c8501cda4c9e472e01582c58b7275a7bd06c7,ops-tool
tools/perf_http_probe.py,1524,9142bb7a7df48667e894ce84ba42be044b9f0c95182d1e3bbcb7cabdc8862d67,ops-tool
tools/performance_gate.php,1099,bdad385c2feb7c0f0b24ed89715aa1260ab6013d9dd284fc2a97241c98a60e4c,ops-tool
tools/performance_log_report.php,1263,cc2cd8ec06c21935ae1b7bb8bcc853f89eba3f65abc26389dc649c86241da867,ops-tool
tools/performance_seed.php,3352,3fa8174ddfbeb9056e38c1b8f2a8f3f1c485ded2acbc54e11549bd71a57c0961,ops-tool
tools/phase1_inventory.py,1868,3bc393e1625c7422996f35168797bdf8c871abd4a8d3915847b62063540803a8,ops-tool
tools/release_gate.php,3188,a1d4a4ec2d1c134f9375e799adecec5532bfc644b6a6627162824c0d9219008a,ops-tool
tools/restore_database.sh,977,f8ec019c5f96f58f5c335148d88778d333b248e6abde89bc6aeba81fcd707c6e,ops-tool
tools/secret_scan.py,2321,8c44eefefbe75458e64cc42f80ae2bcb799c2dc118e176a5b66ae9b860121089,ops-tool
uploads/.htaccess,665,ed535b06da610531b7c61b7a34e44d666c3ed0a2e65b58691facd8597ef95c7c,runtime-storage
uploads/businesses/.gitkeep,0,e3b0c44298fc1c149afbf4c8996fb92427ae41e4649b934ca495991b7852b855,runtime-storage
uploads/portfolio/.gitkeep,0,e3b0c44298fc1c149afbf4c8996fb92427ae41e4649b934ca495991b7852b855,runtime-storage
uploads/profiles/.gitkeep,0,e3b0c44298fc1c149afbf4c8996fb92427ae41e4649b934ca495991b7852b855,runtime-storage
webhooks/razorpay.php,1452,23b928231708dc229fa3f8521fabe8656438dd9bd4e66d87fcf0db6bcc2a7aec,php-application
